Path;SteerAngle;Throttle;Brake;Speed;X_Position;Y_Position;Pitch;Yaw;Roll
/Users/Masayuki/dev/robotics/RoboND-Rover-Project/dataset/IMG/robocam_2017_06_04_10_22_01_945.jpg;0;0;1;0;99.66999;85.58897;0.0002352649;46.02615;-3.010465E-06
/Users/Masayuki/dev/robotics/RoboND-Rover-Project/dataset/IMG/robocam_2017_06_04_10_22_01_980.jpg;-8.99958;0;0;0;99.66999;85.58897;0.0002365064;42.78637;1.199118E-05
/Users/Masayuki/dev/robotics/RoboND-Rover-Project/dataset/IMG/robocam_2017_06_04_10_22_02_045.jpg;0;0;0;0;99.66999;85.58897;0.0002359838;42.66552;1.056066E-05
/Users/Masayuki/dev/robotics/RoboND-Rover-Project/dataset/IMG/robocam_2017_06_04_10_22_02_112.jpg;0;0;0;0;99.66999;85.58897;0.000235728;42.66552;9.283316E-06
/Users/Masayuki/dev/robotics/RoboND-Rover-Project/dataset/IMG/robocam_2017_06_04_10_22_02_178.jpg;0;0;0;0;99.66999;85.58897;0.0002353624;42.66552;7.724804E-06
/Users/Masayuki/dev/robotics/RoboND-Rover-Project/dataset/IMG/robocam_2017_06_04_10_22_02_245.jpg;0;0;0;0;99.66999;85.58897;0.0002349606;42.66552;5.451301E-06
/Users/Masayuki/dev/robotics/RoboND-Rover-Project/dataset/IMG/robocam_2017_06_04_10_22_02_312.jpg;0;0;0;0;99.66999;85.58897;0.0002345615;42.66552;3.703329E-06
/Users/Masayuki/dev/robotics/RoboND-Rover-Project/dataset/IMG/robocam_2017_06_04_10_22_02_378.jpg;0;0;0;0;99.66999;85.58897;0.0002343606;42.66552;2.566578E-06
/Users/Masayuki/dev/robotics/RoboND-Rover-Project/dataset/IMG/robocam_2017_06_04_10_22_02_445.jpg;0;0;0;0;99.66999;85.58897;0.0002342668;42.66552;1.185462E-06
/Users/Masayuki/dev/robotics/RoboND-Rover-Project/dataset/IMG/robocam_2017_06_04_10_22_02_512.jpg;0;0;0;0;99.66999;85.58897;0.0002345881;42.66552;4.523752E-07
/Users/Masayuki/dev/robotics/RoboND-Rover-Project/dataset/IMG/robocam_2017_06_04_10_22_02_578.jpg;0;0;0;0;99.66999;85.58897;0.0002349094;42.66552;-2.807177E-07
/Users/Masayuki/dev/robotics/RoboND-Rover-Project/dataset/IMG/robocam_2017_06_04_10_22_02_645.jpg;0;0;0;0;99.66999;85.58897;0.0002348732;42.66552;-9.957154E-07
/Users/Masayuki/dev/robotics/RoboND-Rover-Project/dataset/IMG/robocam_2017_06_04_10_22_02_712.jpg;0;0;0;0;99.66999;85.58897;0.0002344796;42.66552;-1.692618E-06
/Users/Masayuki/dev/robotics/RoboND-Rover-Project/dataset/IMG/robocam_2017_06_04_10_22_02_778.jpg;0;0;0;0;99.66999;85.58897;0.0002340859;42.66552;-2.389507E-06
/Users/Masayuki/dev/robotics/RoboND-Rover-Project/dataset/IMG/robocam_2017_06_04_10_22_02_845.jpg;0;0;0;0;99.66999;85.58897;0.0002335609;42.66552;-3.31871E-06
/Users/Masayuki/dev/robotics/RoboND-Rover-Project/dataset/IMG/robocam_2017_06_04_10_22_02_912.jpg;0;0;0;0;99.66999;85.58897;0.0002332985;42.66552;-3.783305E-06
/Users/Masayuki/dev/robotics/RoboND-Rover-Project/dataset/IMG/robocam_2017_06_04_10_22_02_978.jpg;0;0;0;0;99.66999;85.58897;0.0002331338;42.66552;-4.205059E-06
/Users/Masayuki/dev/robotics/RoboND-Rover-Project/dataset/IMG/robocam_2017_06_04_10_22_03_045.jpg;0;0;0;0;99.66999;85.58897;0.0002328927;42.66552;-4.718534E-06
/Users/Masayuki/dev/robotics/RoboND-Rover-Project/dataset/IMG/robocam_2017_06_04_10_22_03_112.jpg;0;0;0;0;99.66999;85.58897;0.0002326637;42.66552;-4.993676E-06
/Users/Masayuki/dev/robotics/RoboND-Rover-Project/dataset/IMG/robocam_2017_06_04_10_22_03_178.jpg;0;0;0;0;99.66999;85.58897;0.0002326303;42.66552;-5.183135E-06
/Users/Masayuki/dev/robotics/RoboND-Rover-Project/dataset/IMG/robocam_2017_06_04_10_22_03_244.jpg;0;0;0;0;99.66999;85.58897;0.0002326303;42.66552;-5.183135E-06
/Users/Masayuki/dev/robotics/RoboND-Rover-Project/dataset/IMG/robocam_2017_06_04_10_22_03_312.jpg;0;0;0;0;99.66999;85.58897;0.0002325874;42.66552;-5.08539E-06
/Users/Masayuki/dev/robotics/RoboND-Rover-Project/dataset/IMG/robocam_2017_06_04_10_22_03_378.jpg;0;0;0;0;99.66999;85.58897;0.0002325231;42.66552;-4.938771E-06
/Users/Masayuki/dev/robotics/RoboND-Rover-Project/dataset/IMG/robocam_2017_06_04_10_22_03_445.jpg;0;0;0;0;99.66999;85.58897;0.0002327736;42.66552;-4.712502E-06
/Users/Masayuki/dev/robotics/RoboND-Rover-Project/dataset/IMG/robocam_2017_06_04_10_22_03_512.jpg;0;0;0;0;99.66999;85.58897;0.0002330668;42.66552;-4.583979E-06
/Users/Masayuki/dev/robotics/RoboND-Rover-Project/dataset/IMG/robocam_2017_06_04_10_22_03_578.jpg;0;0;0;0;99.66999;85.58897;0.0002332315;42.66552;-4.162218E-06
/Users/Masayuki/dev/robotics/RoboND-Rover-Project/dataset/IMG/robocam_2017_06_04_10_22_03_645.jpg;0;0;0;0;99.66999;85.58897;0.0002335489;42.66552;-3.557036E-06
/Users/Masayuki/dev/robotics/RoboND-Rover-Project/dataset/IMG/robocam_2017_06_04_10_22_03_712.jpg;0;0;0;0;99.66999;85.58897;0.0002338448;42.66552;-2.902982E-06
/Users/Masayuki/dev/robotics/RoboND-Rover-Project/dataset/IMG/robocam_2017_06_04_10_22_03_778.jpg;0;0;0;0;99.66999;85.58897;0.0002342385;42.66552;-2.206079E-06
/Users/Masayuki/dev/robotics/RoboND-Rover-Project/dataset/IMG/robocam_2017_06_04_10_22_03_845.jpg;0;0;0;0;99.66999;85.58897;0.0002346777;42.66552;-1.081398E-06
/Users/Masayuki/dev/robotics/RoboND-Rover-Project/dataset/IMG/robocam_2017_06_04_10_22_03_912.jpg;0;0.100068;0;0;99.66991;85.5889;-0.002331837;42.66579;2.391338E-07
/Users/Masayuki/dev/robotics/RoboND-Rover-Project/dataset/IMG/robocam_2017_06_04_10_22_03_978.jpg;0;0.2996761;0;0.01390618;99.67045;85.58939;0.01328755;42.65512;-5.024924E-05
/Users/Masayuki/dev/robotics/RoboND-Rover-Project/dataset/IMG/robocam_2017_06_04_10_22_04_045.jpg;0;0.499293;0;0.02524794;99.67311;85.59184;0.08877286;42.50051;0.0002326436
/Users/Masayuki/dev/robotics/RoboND-Rover-Project/dataset/IMG/robocam_2017_06_04_10_22_04_112.jpg;0;0.6999031;0;0.05715049;99.67796;85.59628;0.2231296;42.49658;0.0002702814
/Users/Masayuki/dev/robotics/RoboND-Rover-Project/dataset/IMG/robocam_2017_06_04_10_22_04_178.jpg;0;0.900387;0;0.09959661;99.68474;85.60247;0.3994588;42.38728;0.0006125574
/Users/Masayuki/dev/robotics/RoboND-Rover-Project/dataset/IMG/robocam_2017_06_04_10_22_04_245.jpg;0;1;0;0.1656841;99.69801;85.61456;0.6928838;42.50288;-0.0005625178
/Users/Masayuki/dev/robotics/RoboND-Rover-Project/dataset/IMG/robocam_2017_06_04_10_22_04_311.jpg;0;1;0;0.2032155;99.71114;85.62645;0.9478419;42.3466;-0.0001780629
/Users/Masayuki/dev/robotics/RoboND-Rover-Project/dataset/IMG/robocam_2017_06_04_10_22_04_378.jpg;0;1;0;0.2529284;99.72617;85.64009;1.196957;42.32557;-0.001239656
/Users/Masayuki/dev/robotics/RoboND-Rover-Project/dataset/IMG/robocam_2017_06_04_10_22_04_444.jpg;0;1;0;0.3219612;99.74168;85.6541;1.322477;42.34456;-0.00137222
/Users/Masayuki/dev/robotics/RoboND-Rover-Project/dataset/IMG/robocam_2017_06_04_10_22_04_511.jpg;0;1;0;0.3820884;99.7623;85.67296;1.174567;42.3979;-0.001427222
/Users/Masayuki/dev/robotics/RoboND-Rover-Project/dataset/IMG/robocam_2017_06_04_10_22_04_578.jpg;0;1;0;0.4410941;99.78163;85.6905;1.124184;42.54621;-0.002008542
/Users/Masayuki/dev/robotics/RoboND-Rover-Project/dataset/IMG/robocam_2017_06_04_10_22_04_644.jpg;0;1;0;0.4964914;99.80393;85.71091;1.139095;42.79385;-0.001717598
/Users/Masayuki/dev/robotics/RoboND-Rover-Project/dataset/IMG/robocam_2017_06_04_10_22_04_711.jpg;0;1;0;0.5311707;99.83721;85.74142;1.204192;42.81868;-0.001495368
/Users/Masayuki/dev/robotics/RoboND-Rover-Project/dataset/IMG/robocam_2017_06_04_10_22_04_777.jpg;0;1;0;0.5815575;99.86377;85.76589;1.221951;42.77251;-0.0002577382
/Users/Masayuki/dev/robotics/RoboND-Rover-Project/dataset/IMG/robocam_2017_06_04_10_22_04_844.jpg;0;1;0;0.6502478;99.89259;85.79238;1.22629;42.76987;-0.001198119
/Users/Masayuki/dev/robotics/RoboND-Rover-Project/dataset/IMG/robocam_2017_06_04_10_22_04_911.jpg;0;1;0;0.702209;99.93379;85.83026;1.196094;42.67726;-0.000258056
/Users/Masayuki/dev/robotics/RoboND-Rover-Project/dataset/IMG/robocam_2017_06_04_10_22_04_978.jpg;0;1;0;0.7540393;99.96762;85.86127;1.189729;42.63714;-0.0003689097
/Users/Masayuki/dev/robotics/RoboND-Rover-Project/dataset/IMG/robocam_2017_06_04_10_22_05_044.jpg;0;1;0;0.8147159;100.0039;85.89443;1.196851;42.57428;-0.0004214025
/Users/Masayuki/dev/robotics/RoboND-Rover-Project/dataset/IMG/robocam_2017_06_04_10_22_05_111.jpg;0;1;0;0.8721574;100.0565;85.94237;1.224584;42.52468;-0.0009816369
/Users/Masayuki/dev/robotics/RoboND-Rover-Project/dataset/IMG/robocam_2017_06_04_10_22_05_178.jpg;0;1;0;0.9264053;100.0984;85.98054;1.233424;42.50442;-0.0006931581
/Users/Masayuki/dev/robotics/RoboND-Rover-Project/dataset/IMG/robocam_2017_06_04_10_22_05_244.jpg;0;1;0;0.9907187;100.1423;86.02047;1.225859;42.51046;-0.001061163
/Users/Masayuki/dev/robotics/RoboND-Rover-Project/dataset/IMG/robocam_2017_06_04_10_22_05_311.jpg;0;1;0;1.038616;100.204;86.07655;1.213955;42.47849;-0.0003107366
/Users/Masayuki/dev/robotics/RoboND-Rover-Project/dataset/IMG/robocam_2017_06_04_10_22_05_378.jpg;0;1;0;1.098259;100.2528;86.12095;1.218281;42.42638;-0.0004918313
/Users/Masayuki/dev/robotics/RoboND-Rover-Project/dataset/IMG/robocam_2017_06_04_10_22_05_445.jpg;3.005641;1;0;1.142276;100.3203;86.18372;1.223488;42.60104;-0.001915931
/Users/Masayuki/dev/robotics/RoboND-Rover-Project/dataset/IMG/robocam_2017_06_04_10_22_05_512.jpg;6.005702;1;0;1.19284;100.3724;86.23441;1.232888;42.95958;-0.002558765
/Users/Masayuki/dev/robotics/RoboND-Rover-Project/dataset/IMG/robocam_2017_06_04_10_22_05_578.jpg;9.009135;1;0;1.250426;100.4248;86.28807;1.224936;43.57993;0.002380892
/Users/Masayuki/dev/robotics/RoboND-Rover-Project/dataset/IMG/robocam_2017_06_04_10_22_05_645.jpg;12.00438;1;0;1.300317;100.4952;86.3654;1.223645;44.81698;0.03532024
/Users/Masayuki/dev/robotics/RoboND-Rover-Project/dataset/IMG/robocam_2017_06_04_10_22_05_712.jpg;14.99805;1;0;1.341838;100.5474;86.42741;1.198936;46.07375;0.06428581
/Users/Masayuki/dev/robotics/RoboND-Rover-Project/dataset/IMG/robocam_2017_06_04_10_22_05_778.jpg;15;1;0;1.388844;100.5992;86.49282;1.156548;47.433;0.0926139
/Users/Masayuki/dev/robotics/RoboND-Rover-Project/dataset/IMG/robocam_2017_06_04_10_22_05_844.jpg;15;1;0;1.44767;100.6511;86.56165;1.11779;48.84305;0.1305191
/Users/Masayuki/dev/robotics/RoboND-Rover-Project/dataset/IMG/robocam_2017_06_04_10_22_05_911.jpg;15;1;0;1.491202;100.7202;86.65863;1.065274;50.77652;0.1835693
/Users/Masayuki/dev/robotics/RoboND-Rover-Project/dataset/IMG/robocam_2017_06_04_10_22_05_978.jpg;15;1;0;1.535845;100.7715;86.73531;1.02029;52.26539;0.2244968
/Users/Masayuki/dev/robotics/RoboND-Rover-Project/dataset/IMG/robocam_2017_06_04_10_22_06_044.jpg;15;1;0;1.595367;100.8223;86.81544;0.9722958;53.78543;0.2689597
/Users/Masayuki/dev/robotics/RoboND-Rover-Project/dataset/IMG/robocam_2017_06_04_10_22_06_112.jpg;13.48211;1;0;1.639472;100.8893;86.92747;0.9036973;55.78951;0.3213317
/Users/Masayuki/dev/robotics/RoboND-Rover-Project/dataset/IMG/robocam_2017_06_04_10_22_06_178.jpg;10.48115;1;0;1.700997;100.9401;87.01521;0.8692991;57.08716;0.3435107
/Users/Masayuki/dev/robotics/RoboND-Rover-Project/dataset/IMG/robocam_2017_06_04_10_22_06_245.jpg;7.487969;1;0;1.747454;100.9922;87.10588;0.8584812;58.10785;0.3380663
/Users/Masayuki/dev/robotics/RoboND-Rover-Project/dataset/IMG/robocam_2017_06_04_10_22_06_312.jpg;4.48359;1;0;1.794071;101.0645;87.23127;0.8969617;59.01076;0.2924923
/Users/Masayuki/dev/robotics/RoboND-Rover-Project/dataset/IMG/robocam_2017_06_04_10_22_06_378.jpg;1.48389;1;0;1.853083;101.121;87.32846;0.9685866;59.38095;0.2300852
/Users/Masayuki/dev/robotics/RoboND-Rover-Project/dataset/IMG/robocam_2017_06_04_10_22_06_445.jpg;0;1;0;1.897923;101.2003;87.46174;1.119637;59.45411;0.1047795
/Users/Masayuki/dev/robotics/RoboND-Rover-Project/dataset/IMG/robocam_2017_06_04_10_22_06_512.jpg;1.499985;1;0;1.941735;101.2613;87.56486;1.258618;59.51486;0.007745835
/Users/Masayuki/dev/robotics/RoboND-Rover-Project/dataset/IMG/robocam_2017_06_04_10_22_06_578.jpg;4.500628;1;0;1.999752;101.3208;87.67082;1.344291;59.85215;-0.005190345
/Users/Masayuki/dev/robotics/RoboND-Rover-Project/dataset/IMG/robocam_2017_06_04_10_22_06_645.jpg;7.500779;1;0;2.045589;101.3981;87.8151;1.305633;60.80435;359.9939
/Users/Masayuki/dev/robotics/RoboND-Rover-Project/dataset/IMG/robocam_2017_06_04_10_22_06_711.jpg;10.50376;1;0;2.091111;101.4537;87.92754;1.251646;61.91304;0.03150045
/Users/Masayuki/dev/robotics/RoboND-Rover-Project/dataset/IMG/robocam_2017_06_04_10_22_06_778.jpg;13.50108;1;0;2.145078;101.5064;88.04388;1.190147;63.35656;0.1156584
/Users/Masayuki/dev/robotics/RoboND-Rover-Project/dataset/IMG/robocam_2017_06_04_10_22_06_845.jpg;15;1;0;2.183235;101.5708;88.20412;1.042414;65.77084;0.2693268
/Users/Masayuki/dev/robotics/RoboND-Rover-Project/dataset/IMG/robocam_2017_06_04_10_22_06_911.jpg;15;1;0;2.224445;101.6153;88.32789;0.8844849;67.67096;0.393925
/Users/Masayuki/dev/robotics/RoboND-Rover-Project/dataset/IMG/robocam_2017_06_04_10_22_06_978.jpg;15;1;0;2.278998;101.6562;88.45495;0.704698;69.58232;0.5364315
/Users/Masayuki/dev/robotics/RoboND-Rover-Project/dataset/IMG/robocam_2017_06_04_10_22_07_045.jpg;11.994;1;0;2.320938;101.7071;88.62957;0.467519;71.88787;0.7266018
/Users/Masayuki/dev/robotics/RoboND-Rover-Project/dataset/IMG/robocam_2017_06_04_10_22_07_112.jpg;8.994885;1;0;2.363948;101.7438;88.76453;0.317577;73.26777;0.8460367
/Users/Masayuki/dev/robotics/RoboND-Rover-Project/dataset/IMG/robocam_2017_06_04_10_22_07_178.jpg;5.993383;1;0;2.42186;101.78;88.90295;0.2042862;74.32909;0.9351811
/Users/Masayuki/dev/robotics/RoboND-Rover-Project/dataset/IMG/robocam_2017_06_04_10_22_07_245.jpg;2.993191;1;0;2.464605;101.8291;89.0926;0.1123539;75.19267;0.9719847
/Users/Masayuki/dev/robotics/RoboND-Rover-Project/dataset/IMG/robocam_2017_06_04_10_22_07_312.jpg;0;1;0;2.506732;101.8673;89.23872;0.1039563;75.42445;0.937425
/Users/Masayuki/dev/robotics/RoboND-Rover-Project/dataset/IMG/robocam_2017_06_04_10_22_07_378.jpg;0;1;0;2.562291;101.9066;89.38844;0.1642892;75.46345;0.8756189
/Users/Masayuki/dev/robotics/RoboND-Rover-Project/dataset/IMG/robocam_2017_06_04_10_22_07_445.jpg;0;1;0;2.603344;101.9603;89.5933;0.3337904;75.46242;0.7607154
/Users/Masayuki/dev/robotics/RoboND-Rover-Project/dataset/IMG/robocam_2017_06_04_10_22_07_512.jpg;0;1;0;2.643806;102.0016;89.75027;0.4975932;75.4435;0.6374159
/Users/Masayuki/dev/robotics/RoboND-Rover-Project/dataset/IMG/robocam_2017_06_04_10_22_07_578.jpg;0;1;0;2.699146;102.0437;89.90996;0.6798558;75.42585;0.4872174
/Users/Masayuki/dev/robotics/RoboND-Rover-Project/dataset/IMG/robocam_2017_06_04_10_22_07_645.jpg;0;1;0;2.740235;102.101;90.12717;0.9564573;75.39845;0.2706053
/Users/Masayuki/dev/robotics/RoboND-Rover-Project/dataset/IMG/robocam_2017_06_04_10_22_07_712.jpg;0;1;0;2.782046;102.1449;90.2931;1.178688;75.37361;0.09949234
/Users/Masayuki/dev/robotics/RoboND-Rover-Project/dataset/IMG/robocam_2017_06_04_10_22_07_778.jpg;0;1;0;2.837231;102.1885;90.46148;1.389692;75.37408;359.9889
/Users/Masayuki/dev/robotics/RoboND-Rover-Project/dataset/IMG/robocam_2017_06_04_10_22_07_845.jpg;0;1;0;2.873333;102.2448;90.68527;1.373793;75.34921;-0.00207105
/Users/Masayuki/dev/robotics/RoboND-Rover-Project/dataset/IMG/robocam_2017_06_04_10_22_07_912.jpg;0;1;0;2.928005;102.2893;90.85529;1.324626;75.32796;-0.001509555
/Users/Masayuki/dev/robotics/RoboND-Rover-Project/dataset/IMG/robocam_2017_06_04_10_22_07_978.jpg;-1.493999;1;0;2.968558;102.3353;91.02803;1.310576;75.24219;-0.001130505
/Users/Masayuki/dev/robotics/RoboND-Rover-Project/dataset/IMG/robocam_2017_06_04_10_22_08_045.jpg;-4.501981;1;0;3.022085;102.4004;91.26194;1.333828;74.70971;-0.0002532392
/Users/Masayuki/dev/robotics/RoboND-Rover-Project/dataset/IMG/robocam_2017_06_04_10_22_08_112.jpg;-7.503166;1;0;3.061322;102.4535;91.4391;1.35894;73.88178;359.974
/Users/Masayuki/dev/robotics/RoboND-Rover-Project/dataset/IMG/robocam_2017_06_04_10_22_08_178.jpg;-10.50161;1;0;3.111568;102.5111;91.61623;1.327485;72.63893;359.9275
/Users/Masayuki/dev/robotics/RoboND-Rover-Project/dataset/IMG/robocam_2017_06_04_10_22_08_245.jpg;-13.5013;1;0;3.149278;102.5975;91.85042;1.166358;70.30107;359.7985
/Users/Masayuki/dev/robotics/RoboND-Rover-Project/dataset/IMG/robocam_2017_06_04_10_22_08_312.jpg;-15;1;0;3.184473;102.6707;92.02382;0.9650467;68.15497;359.6277
/Users/Masayuki/dev/robotics/RoboND-Rover-Project/dataset/IMG/robocam_2017_06_04_10_22_08_378.jpg;-15;1;0;3.231376;102.7508;92.19522;0.7061986;65.90961;359.4059
/Users/Masayuki/dev/robotics/RoboND-Rover-Project/dataset/IMG/robocam_2017_06_04_10_22_08_444.jpg;-15;1;0;3.266408;102.8376;92.36436;0.3921078;63.64698;359.1483
/Users/Masayuki/dev/robotics/RoboND-Rover-Project/dataset/IMG/robocam_2017_06_04_10_22_08_511.jpg;-15;1;0;3.300107;102.964;92.5862;359.9159;60.69476;358.7605
/Users/Masayuki/dev/robotics/RoboND-Rover-Project/dataset/IMG/robocam_2017_06_04_10_22_08_578.jpg;-15;1;0;3.329833;103.0653;92.75544;359.7972;58.7601;358.659
/Users/Masayuki/dev/robotics/RoboND-Rover-Project/dataset/IMG/robocam_2017_06_04_10_22_08_644.jpg;-15;1;0;3.346778;103.1728;92.92551;359.8671;56.84826;358.7211
/Users/Masayuki/dev/robotics/RoboND-Rover-Project/dataset/IMG/robocam_2017_06_04_10_22_08_711.jpg;-15;1;0;3.369835;103.3321;93.14952;0.1525174;53.95889;358.8752
/Users/Masayuki/dev/robotics/RoboND-Rover-Project/dataset/IMG/robocam_2017_06_04_10_22_08_778.jpg;-15;1;0;3.420799;103.46;93.3097;0.1572307;51.47149;358.9383
/Users/Masayuki/dev/robotics/RoboND-Rover-Project/dataset/IMG/robocam_2017_06_04_10_22_08_844.jpg;-15;1;0;3.472065;103.5965;93.464;0.07163488;48.97135;358.9032
/Users/Masayuki/dev/robotics/RoboND-Rover-Project/dataset/IMG/robocam_2017_06_04_10_22_08_910.jpg;-15;1;0;3.50557;103.79;93.66383;359.9783;45.95438;358.7873
/Users/Masayuki/dev/robotics/RoboND-Rover-Project/dataset/IMG/robocam_2017_06_04_10_22_08_977.jpg;-15;1;0;3.539896;103.9442;93.81035;0.01619014;43.73518;358.7271
/Users/Masayuki/dev/robotics/RoboND-Rover-Project/dataset/IMG/robocam_2017_06_04_10_22_09_044.jpg;-15;1;0;3.570312;104.1018;93.95353;359.9912;41.65498;358.8018
/Users/Masayuki/dev/robotics/RoboND-Rover-Project/dataset/IMG/robocam_2017_06_04_10_22_09_111.jpg;-15;1;0;3.609622;104.3256;94.13562;0.0183663;38.61939;358.8821
/Users/Masayuki/dev/robotics/RoboND-Rover-Project/dataset/IMG/robocam_2017_06_04_10_22_09_178.jpg;-15;1;0;3.642553;104.5021;94.26398;0.007586739;36.35194;358.8375
/Users/Masayuki/dev/robotics/RoboND-Rover-Project/dataset/IMG/robocam_2017_06_04_10_22_09_244.jpg;-15;1;0;3.683846;104.6842;94.38795;0.01027639;34.11728;358.8362
/Users/Masayuki/dev/robotics/RoboND-Rover-Project/dataset/IMG/robocam_2017_06_04_10_22_09_310.jpg;-15;1;0;3.716835;104.9367;94.54376;0.01150369;31.11737;358.8467
/Users/Masayuki/dev/robotics/RoboND-Rover-Project/dataset/IMG/robocam_2017_06_04_10_22_09_378.jpg;-15;1;0;3.747726;105.1331;94.65265;0.0084149;28.84663;358.8338
/Users/Masayuki/dev/robotics/RoboND-Rover-Project/dataset/IMG/robocam_2017_06_04_10_22_09_445.jpg;-13.4952;1;0;3.788778;105.4036;94.7882;0.007808988;25.92544;358.8478
/Users/Masayuki/dev/robotics/RoboND-Rover-Project/dataset/IMG/robocam_2017_06_04_10_22_09_512.jpg;-10.48843;1;0;3.82298;105.6124;94.88326;0.009520537;24.01346;358.8751
/Users/Masayuki/dev/robotics/RoboND-Rover-Project/dataset/IMG/robocam_2017_06_04_10_22_09_578.jpg;-7.494629;1;0;3.858551;105.8257;94.9735;0.003028869;22.50324;358.8979
/Users/Masayuki/dev/robotics/RoboND-Rover-Project/dataset/IMG/robocam_2017_06_04_10_22_09_645.jpg;-4.503661;1;0;3.908347;106.1167;95.08875;0.01778395;21.09959;358.9243
/Users/Masayuki/dev/robotics/RoboND-Rover-Project/dataset/IMG/robocam_2017_06_04_10_22_09_712.jpg;-1.485735;1;0;3.945348;106.3388;95.17356;0.04170092;20.50222;358.9714
/Users/Masayuki/dev/robotics/RoboND-Rover-Project/dataset/IMG/robocam_2017_06_04_10_22_09_778.jpg;0;1;0;3.995492;106.5639;95.25844;0.09616666;20.27769;359.0393
/Users/Masayuki/dev/robotics/RoboND-Rover-Project/dataset/IMG/robocam_2017_06_04_10_22_09_845.jpg;0;1;0;4.031669;106.8688;95.37211;0.2365538;20.20613;359.1468
/Users/Masayuki/dev/robotics/RoboND-Rover-Project/dataset/IMG/robocam_2017_06_04_10_22_09_911.jpg;0;1;0;4.067473;107.1006;95.45821;0.3784134;20.20266;359.2531
/Users/Masayuki/dev/robotics/RoboND-Rover-Project/dataset/IMG/robocam_2017_06_04_10_22_09_978.jpg;0;1;0;4.103727;107.3349;95.54517;0.5465357;20.21394;359.3785
/Users/Masayuki/dev/robotics/RoboND-Rover-Project/dataset/IMG/robocam_2017_06_04_10_22_10_045.jpg;0;1;0;4.151955;107.651;95.66257;0.8033249;20.2414;359.5674
/Users/Masayuki/dev/robotics/RoboND-Rover-Project/dataset/IMG/robocam_2017_06_04_10_22_10_112.jpg;0;1;0;4.188569;107.8907;95.75175;1.014998;20.26887;359.7173
/Users/Masayuki/dev/robotics/RoboND-Rover-Project/dataset/IMG/robocam_2017_06_04_10_22_10_178.jpg;0;1;0;4.235937;108.1324;95.842;1.228817;20.30596;359.8772
/Users/Masayuki/dev/robotics/RoboND-Rover-Project/dataset/IMG/robocam_2017_06_04_10_22_10_245.jpg;0;1;0;4.272398;108.458;95.96214;1.494718;20.31319;-0.00107943
/Users/Masayuki/dev/robotics/RoboND-Rover-Project/dataset/IMG/robocam_2017_06_04_10_22_10_312.jpg;0;1;0;4.308982;108.7024;96.05087;1.514145;20.29476;-0.002838241
/Users/Masayuki/dev/robotics/RoboND-Rover-Project/dataset/IMG/robocam_2017_06_04_10_22_10_378.jpg;0;1;0;4.365408;108.9476;96.14009;1.447929;20.27844;-0.001336476
/Users/Masayuki/dev/robotics/RoboND-Rover-Project/dataset/IMG/robocam_2017_06_04_10_22_10_445.jpg;0;1;0;4.401466;109.2781;96.26034;1.384696;20.24175;-0.001169852
/Users/Masayuki/dev/robotics/RoboND-Rover-Project/dataset/IMG/robocam_2017_06_04_10_22_10_512.jpg;0;1;0;4.43716;109.5287;96.3515;1.363195;20.21205;-0.001183292
/Users/Masayuki/dev/robotics/RoboND-Rover-Project/dataset/IMG/robocam_2017_06_04_10_22_10_578.jpg;0;1;0;4.484575;109.7817;96.44343;1.36068;20.18246;-0.001219586
/Users/Masayuki/dev/robotics/RoboND-Rover-Project/dataset/IMG/robocam_2017_06_04_10_22_10_645.jpg;0;1;0;4.520019;110.037;96.53608;1.374043;20.15311;-0.001256903
/Users/Masayuki/dev/robotics/RoboND-Rover-Project/dataset/IMG/robocam_2017_06_04_10_22_10_712.jpg;0;1;0;4.555374;110.3809;96.66068;1.411202;20.11385;-0.001317986
/Users/Masayuki/dev/robotics/RoboND-Rover-Project/dataset/IMG/robocam_2017_06_04_10_22_10_778.jpg;0;1;0;4.602391;110.6414;96.75487;1.449666;20.08391;-0.001361885
/Users/Masayuki/dev/robotics/RoboND-Rover-Project/dataset/IMG/robocam_2017_06_04_10_22_10_845.jpg;0;1;0;4.637568;110.9919;96.88136;1.505412;20.04218;-0.001913433
/Users/Masayuki/dev/robotics/RoboND-Rover-Project/dataset/IMG/robocam_2017_06_04_10_22_10_912.jpg;0;1;0;4.673515;111.2566;96.97666;1.503895;20.01408;-0.001962701
/Users/Masayuki/dev/robotics/RoboND-Rover-Project/dataset/IMG/robocam_2017_06_04_10_22_10_978.jpg;0;1;0;4.721841;111.523;97.07241;1.482854;19.97973;-0.001362545
/Users/Masayuki/dev/robotics/RoboND-Rover-Project/dataset/IMG/robocam_2017_06_04_10_22_11_045.jpg;0;1;0;4.756606;111.8818;97.20103;1.474111;19.93494;-0.001385493
/Users/Masayuki/dev/robotics/RoboND-Rover-Project/dataset/IMG/robocam_2017_06_04_10_22_11_111.jpg;0;1;0;4.791243;112.1534;97.29821;1.480148;19.90165;-0.001407969
/Users/Masayuki/dev/robotics/RoboND-Rover-Project/dataset/IMG/robocam_2017_06_04_10_22_11_178.jpg;0;1;0;4.837266;112.4271;97.396;1.494725;19.86829;-0.001436002
/Users/Masayuki/dev/robotics/RoboND-Rover-Project/dataset/IMG/robocam_2017_06_04_10_22_11_245.jpg;0;1;0;4.871673;112.7953;97.52721;1.517697;19.82319;-0.001899833
/Users/Masayuki/dev/robotics/RoboND-Rover-Project/dataset/IMG/robocam_2017_06_04_10_22_11_312.jpg;0;1;0;4.907024;113.0733;97.62608;1.5037;19.78699;-0.001435581
/Users/Masayuki/dev/robotics/RoboND-Rover-Project/dataset/IMG/robocam_2017_06_04_10_22_11_378.jpg;0;1;0;4.94164;113.3534;97.72549;1.495896;19.75085;-0.001453511
/Users/Masayuki/dev/robotics/RoboND-Rover-Project/dataset/IMG/robocam_2017_06_04_10_22_11_445.jpg;0;1;0;4.987004;113.7302;97.85891;1.499283;19.70393;-0.001466485
/Users/Masayuki/dev/robotics/RoboND-Rover-Project/dataset/IMG/robocam_2017_06_04_10_22_11_512.jpg;0;1;0;5.012739;114.0141;97.9592;1.508116;19.66882;-0.001535457
/Users/Masayuki/dev/robotics/RoboND-Rover-Project/dataset/IMG/robocam_2017_06_04_10_22_11_578.jpg;1.500479;1;0;5.013724;114.2977;98.05927;1.499419;19.65091;-0.001221047
/Users/Masayuki/dev/robotics/RoboND-Rover-Project/dataset/IMG/robocam_2017_06_04_10_22_11_644.jpg;4.491718;1;0;4.988997;114.5803;98.16029;1.461317;19.86094;-0.001081016
/Users/Masayuki/dev/robotics/RoboND-Rover-Project/dataset/IMG/robocam_2017_06_04_10_22_11_711.jpg;7.489396;1;0;5.00853;114.9555;98.30025;1.429474;20.70059;0.07979474
/Users/Masayuki/dev/robotics/RoboND-Rover-Project/dataset/IMG/robocam_2017_06_04_10_22_11_778.jpg;10.48892;1;0;5.014044;115.2342;98.40908;1.312442;21.86152;0.1319162
/Users/Masayuki/dev/robotics/RoboND-Rover-Project/dataset/IMG/robocam_2017_06_04_10_22_11_845.jpg;13.49851;1;0;5.000734;115.598;98.56515;1.091542;23.84052;0.4022437
/Users/Masayuki/dev/robotics/RoboND-Rover-Project/dataset/IMG/robocam_2017_06_04_10_22_11_912.jpg;15;1;0;5.010304;115.866;98.68844;0.7877134;25.84151;0.5894246
/Users/Masayuki/dev/robotics/RoboND-Rover-Project/dataset/IMG/robocam_2017_06_04_10_22_11_978.jpg;13.50528;1;0;5.015281;116.1281;98.82074;0.4136577;27.91245;0.8756624
/Users/Masayuki/dev/robotics/RoboND-Rover-Project/dataset/IMG/robocam_2017_06_04_10_22_12_045.jpg;10.5023;1;0;5.009774;116.4713;99.00774;359.8972;30.25878;1.280654
/Users/Masayuki/dev/robotics/RoboND-Rover-Project/dataset/IMG/robocam_2017_06_04_10_22_12_112.jpg;7.500031;1;0;5.002768;116.7303;99.15353;359.7555;31.47953;1.367644
/Users/Masayuki/dev/robotics/RoboND-Rover-Project/dataset/IMG/robocam_2017_06_04_10_22_12_178.jpg;4.500195;1;0;5.002559;116.9924;99.30441;359.8785;32.27011;1.189354
/Users/Masayuki/dev/robotics/RoboND-Rover-Project/dataset/IMG/robocam_2017_06_04_10_22_12_245.jpg;1.503556;1;0;5.031651;117.3378;99.51661;0.1304149;33.06346;0.9739611
/Users/Masayuki/dev/robotics/RoboND-Rover-Project/dataset/IMG/robocam_2017_06_04_10_22_12_311.jpg;0;1;0;5.010975;117.5936;99.68007;0.2997493;33.32758;0.8610413
/Users/Masayuki/dev/robotics/RoboND-Rover-Project/dataset/IMG/robocam_2017_06_04_10_22_12_378.jpg;0;1;0;5.012325;117.8483;99.84537;0.4692427;33.43478;0.7508135
/Users/Masayuki/dev/robotics/RoboND-Rover-Project/dataset/IMG/robocam_2017_06_04_10_22_12_444.jpg;0;1;0;5.005934;118.1026;100.0116;0.6408871;33.48189;0.6277293
/Users/Masayuki/dev/robotics/RoboND-Rover-Project/dataset/IMG/robocam_2017_06_04_10_22_12_511.jpg;0;1;0;5.015771;118.4411;100.2336;0.8583466;33.48425;0.4332119
/Users/Masayuki/dev/robotics/RoboND-Rover-Project/dataset/IMG/robocam_2017_06_04_10_22_12_578.jpg;0;1;0;5.022761;118.6948;100.4003;1.035814;33.44147;0.2897967
/Users/Masayuki/dev/robotics/RoboND-Rover-Project/dataset/IMG/robocam_2017_06_04_10_22_12_645.jpg;0;1;0;5.015518;119.034;100.6228;1.288987;33.39663;0.08550788
/Users/Masayuki/dev/robotics/RoboND-Rover-Project/dataset/IMG/robocam_2017_06_04_10_22_12_711.jpg;1.500524;1;0;4.998668;119.2876;100.7902;1.466573;33.41882;359.9938
/Users/Masayuki/dev/robotics/RoboND-Rover-Project/dataset/IMG/robocam_2017_06_04_10_22_12_778.jpg;4.501935;1;0;5.010009;119.5374;100.958;1.481198;33.70485;359.9914
/Users/Masayuki/dev/robotics/RoboND-Rover-Project/dataset/IMG/robocam_2017_06_04_10_22_12_844.jpg;7.49052;1;0;4.929105;119.7836;101.1259;1.381379;34.30563;0.001313432
/Users/Masayuki/dev/robotics/RoboND-Rover-Project/dataset/IMG/robocam_2017_06_04_10_22_12_911.jpg;10.49958;1;0;5.012065;120.1092;101.3574;1.297303;35.69389;0.1465265
/Users/Masayuki/dev/robotics/RoboND-Rover-Project/dataset/IMG/robocam_2017_06_04_10_22_12_978.jpg;13.4995;1;0;5.010989;120.3483;101.5358;1.16904;37.19131;0.3202928
/Users/Masayuki/dev/robotics/RoboND-Rover-Project/dataset/IMG/robocam_2017_06_04_10_22_13_045.jpg;15;1;0;4.997093;120.6563;101.7811;0.7809033;39.8752;0.5821953
/Users/Masayuki/dev/robotics/RoboND-Rover-Project/dataset/IMG/robocam_2017_06_04_10_22_13_111.jpg;15;1;0;5.008826;120.8784;101.973;0.4123418;41.99055;0.8816493
/Users/Masayuki/dev/robotics/RoboND-Rover-Project/dataset/IMG/robocam_2017_06_04_10_22_13_178.jpg;15;1;0;5.012786;121.0927;102.1712;359.9623;44.14117;1.236657
/Users/Masayuki/dev/robotics/RoboND-Rover-Project/dataset/IMG/robocam_2017_06_04_10_22_13_244.jpg;15;1;0;5.00157;121.306;102.3763;359.7606;45.95802;1.42006
/Users/Masayuki/dev/robotics/RoboND-Rover-Project/dataset/IMG/robocam_2017_06_04_10_22_13_311.jpg;13.47725;1;0;5.000403;121.5871;102.6613;359.8341;48.17831;1.420204
/Users/Masayuki/dev/robotics/RoboND-Rover-Project/dataset/IMG/robocam_2017_06_04_10_22_13_378.jpg;10.47255;1;0;5.002049;121.7941;102.8837;0.08000993;49.6844;1.253867
/Users/Masayuki/dev/robotics/RoboND-Rover-Project/dataset/IMG/robocam_2017_06_04_10_22_13_445.jpg;7.474875;1;0;5.009474;121.9925;103.1136;0.2435899;51.47852;1.087582
/Users/Masayuki/dev/robotics/RoboND-Rover-Project/dataset/IMG/robocam_2017_06_04_10_22_13_511.jpg;4.480754;1;0;5.008136;122.2437;103.4249;0.2200224;53.40541;0.9323363
/Users/Masayuki/dev/robotics/RoboND-Rover-Project/dataset/IMG/robocam_2017_06_04_10_22_13_578.jpg;1.486859;1;0;5.011763;122.424;103.6644;0.1756966;54.20872;0.9466191
/Users/Masayuki/dev/robotics/RoboND-Rover-Project/dataset/IMG/robocam_2017_06_04_10_22_13_645.jpg;0;1;0;5.011539;122.6603;103.9871;0.1328987;54.59333;0.9879764
/Users/Masayuki/dev/robotics/RoboND-Rover-Project/dataset/IMG/robocam_2017_06_04_10_22_13_712.jpg;0;1;0;5.011633;122.8362;104.2307;0.1176863;54.6774;0.9887082
/Users/Masayuki/dev/robotics/RoboND-Rover-Project/dataset/IMG/robocam_2017_06_04_10_22_13_778.jpg;0;1;0;5.011683;123.0116;104.475;0.122267;54.70125;0.9522491
/Users/Masayuki/dev/robotics/RoboND-Rover-Project/dataset/IMG/robocam_2017_06_04_10_22_13_844.jpg;0;1;0;5.017551;123.1868;104.7207;0.183419;54.70881;0.9080855
/Users/Masayuki/dev/robotics/RoboND-Rover-Project/dataset/IMG/robocam_2017_06_04_10_22_13_912.jpg;0;1;0;5.005873;123.4207;105.0494;0.3251747;54.70484;0.8083898
/Users/Masayuki/dev/robotics/RoboND-Rover-Project/dataset/IMG/robocam_2017_06_04_10_22_13_978.jpg;0;1;0;5.005638;123.5965;105.2966;0.468173;54.70491;0.7058597
/Users/Masayuki/dev/robotics/RoboND-Rover-Project/dataset/IMG/robocam_2017_06_04_10_22_14_045.jpg;0;1;0;5.015157;123.7723;105.5437;0.6237214;54.68962;0.5818076
/Users/Masayuki/dev/robotics/RoboND-Rover-Project/dataset/IMG/robocam_2017_06_04_10_22_14_112.jpg;1.50318;1;0;5.008321;124.0069;105.8742;0.8710303;54.72599;0.4120715
/Users/Masayuki/dev/robotics/RoboND-Rover-Project/dataset/IMG/robocam_2017_06_04_10_22_14_178.jpg;4.499641;1;0;5.014289;124.1813;106.1234;1.063766;55.02958;0.3102096
/Users/Masayuki/dev/robotics/RoboND-Rover-Project/dataset/IMG/robocam_2017_06_04_10_22_14_245.jpg;7.51059;1;0;5.021265;124.4097;106.457;1.248111;55.95851;0.1882908
/Users/Masayuki/dev/robotics/RoboND-Rover-Project/dataset/IMG/robocam_2017_06_04_10_22_14_312.jpg;10.49922;1;0;5.004455;124.5742;106.7094;1.294807;57.2341;0.1667107
/Users/Masayuki/dev/robotics/RoboND-Rover-Project/dataset/IMG/robocam_2017_06_04_10_22_14_378.jpg;13.50297;1;0;5.012489;124.7325;106.964;1.245432;58.79436;0.1931308
/Users/Masayuki/dev/robotics/RoboND-Rover-Project/dataset/IMG/robocam_2017_06_04_10_22_14_445.jpg;15;1;0;4.994623;124.8812;107.2223;1.103448;60.85209;0.3289913
/Users/Masayuki/dev/robotics/RoboND-Rover-Project/dataset/IMG/robocam_2017_06_04_10_22_14_511.jpg;15;1;0;5.010335;125.0649;107.5708;0.7343306;63.71728;0.6299918
/Users/Masayuki/dev/robotics/RoboND-Rover-Project/dataset/IMG/robocam_2017_06_04_10_22_14_578.jpg;15;1;0;5.009333;125.191;107.8355;0.3439921;65.922;0.9439349
/Users/Masayuki/dev/robotics/RoboND-Rover-Project/dataset/IMG/robocam_2017_06_04_10_22_14_644.jpg;15;1;0;5.011066;125.3075;108.1036;359.9267;68.07704;1.293957
/Users/Masayuki/dev/robotics/RoboND-Rover-Project/dataset/IMG/robocam_2017_06_04_10_22_14_710.jpg;15;1;0;5.001378;125.4566;108.4709;359.7808;70.51936;1.507498
/Users/Masayuki/dev/robotics/RoboND-Rover-Project/dataset/IMG/robocam_2017_06_04_10_22_14_777.jpg;15;1;0;5.00056;125.5612;108.7535;359.9076;72.25469;1.520574
/Users/Masayuki/dev/robotics/RoboND-Rover-Project/dataset/IMG/robocam_2017_06_04_10_22_14_844.jpg;15;1;0;5.000875;125.6581;109.0405;0.09007892;74.13517;1.359574
/Users/Masayuki/dev/robotics/RoboND-Rover-Project/dataset/IMG/robocam_2017_06_04_10_22_14_910.jpg;15;1;0;5.002692;125.7688;109.4241;0.04809792;77.03481;1.111834
/Users/Masayuki/dev/robotics/RoboND-Rover-Project/dataset/IMG/robocam_2017_06_04_10_22_14_977.jpg;15;1;0;5.013882;125.8323;109.7162;-0.003249422;79.33396;1.181526
/Users/Masayuki/dev/robotics/RoboND-Rover-Project/dataset/IMG/robocam_2017_06_04_10_22_15_044.jpg;15;1;0;5.01161;125.8847;110.0118;0.03423405;81.42004;1.330264
/Users/Masayuki/dev/robotics/RoboND-Rover-Project/dataset/IMG/robocam_2017_06_04_10_22_15_111.jpg;15;1;0;5.003783;125.9421;110.4066;0.01698341;84.06995;1.38447
/Users/Masayuki/dev/robotics/RoboND-Rover-Project/dataset/IMG/robocam_2017_06_04_10_22_15_177.jpg;15;1;0;5.009799;125.9747;110.7047;0.01356184;86.11799;1.312304
/Users/Masayuki/dev/robotics/RoboND-Rover-Project/dataset/IMG/robocam_2017_06_04_10_22_15_244.jpg;15;1;0;5.003191;125.9963;111.0033;0.01383241;88.09606;1.253823
/Users/Masayuki/dev/robotics/RoboND-Rover-Project/dataset/IMG/robocam_2017_06_04_10_22_15_311.jpg;11.97046;1;0;5.003912;126.0085;111.4032;0.01728324;90.59647;1.1574
/Users/Masayuki/dev/robotics/RoboND-Rover-Project/dataset/IMG/robocam_2017_06_04_10_22_15_378.jpg;8.968559;1;0;5.016798;126.0049;111.703;-0.002438052;92.18704;1.1514
/Users/Masayuki/dev/robotics/RoboND-Rover-Project/dataset/IMG/robocam_2017_06_04_10_22_15_445.jpg;5.965124;1;0;5.009288;125.994;112.0033;0.01148936;93.40936;1.156878
/Users/Masayuki/dev/robotics/RoboND-Rover-Project/dataset/IMG/robocam_2017_06_04_10_22_15_512.jpg;2.96322;1;0;5.010593;125.972;112.4032;0.01399028;94.48029;1.100165
/Users/Masayuki/dev/robotics/RoboND-Rover-Project/dataset/IMG/robocam_2017_06_04_10_22_15_578.jpg;0;1;0;5.013484;125.9509;112.7034;0.03584856;94.86752;1.041669
/Users/Masayuki/dev/robotics/RoboND-Rover-Project/dataset/IMG/robocam_2017_06_04_10_22_15_645.jpg;0;1;0;5.011645;125.9274;113.0039;0.07635555;95.01511;0.983646
/Users/Masayuki/dev/robotics/RoboND-Rover-Project/dataset/IMG/robocam_2017_06_04_10_22_15_711.jpg;0;1;0;5.011532;125.8938;113.4056;0.1942575;95.08121;0.9020168
/Users/Masayuki/dev/robotics/RoboND-Rover-Project/dataset/IMG/robocam_2017_06_04_10_22_15_778.jpg;0;1;0;5.004496;125.8678;113.7073;0.3256899;95.09045;0.8228015
/Users/Masayuki/dev/robotics/RoboND-Rover-Project/dataset/IMG/robocam_2017_06_04_10_22_15_844.jpg;0;1;0;5.006114;125.8417;114.0098;0.4827454;95.09473;0.7176536
/Users/Masayuki/dev/robotics/RoboND-Rover-Project/dataset/IMG/robocam_2017_06_04_10_22_15_912.jpg;0;1;0;5.016711;125.8069;114.413;0.699905;95.08292;0.53329
/Users/Masayuki/dev/robotics/RoboND-Rover-Project/dataset/IMG/robocam_2017_06_04_10_22_15_978.jpg;0;1;0;5.007571;125.7807;114.7156;0.8778691;95.06079;0.3836998
/Users/Masayuki/dev/robotics/RoboND-Rover-Project/dataset/IMG/robocam_2017_06_04_10_22_16_045.jpg;3.003211;1;0;5.008979;125.7536;115.0187;1.075977;95.16846;0.2516551
/Users/Masayuki/dev/robotics/RoboND-Rover-Project/dataset/IMG/robocam_2017_06_04_10_22_16_112.jpg;6.003497;1;0;5.018041;125.7134;115.4223;1.338354;95.80148;0.1461359
/Users/Masayuki/dev/robotics/RoboND-Rover-Project/dataset/IMG/robocam_2017_06_04_10_22_16_178.jpg;9.001531;1;0;4.999042;125.6798;115.7229;1.435566;96.71628;0.06250773
/Users/Masayuki/dev/robotics/RoboND-Rover-Project/dataset/IMG/robocam_2017_06_04_10_22_16_245.jpg;11.9997;1;0;5.022609;125.6247;116.1201;1.44578;98.52539;0.06773329
/Users/Masayuki/dev/robotics/RoboND-Rover-Project/dataset/IMG/robocam_2017_06_04_10_22_16_312.jpg;15;1;0;5.010539;125.5746;116.4148;1.326229;100.429;0.1513229
/Users/Masayuki/dev/robotics/RoboND-Rover-Project/dataset/IMG/robocam_2017_06_04_10_22_16_378.jpg;15;1;0;5.002554;125.5147;116.7047;1.097369;102.4129;0.366506
/Users/Masayuki/dev/robotics/RoboND-Rover-Project/dataset/IMG/robocam_2017_06_04_10_22_16_444.jpg;15;1;0;5.021252;125.4468;116.9912;0.748001;104.567;0.6174263
/Users/Masayuki/dev/robotics/RoboND-Rover-Project/dataset/IMG/robocam_2017_06_04_10_22_16_511.jpg;15;1;0;5.00967;125.341;117.3663;0.170434;107.5143;1.082644
/Users/Masayuki/dev/robotics/RoboND-Rover-Project/dataset/IMG/robocam_2017_06_04_10_22_16_578.jpg;13.48201;1;0;5.0075;125.252;117.6454;359.7968;109.4957;1.406103
/Users/Masayuki/dev/robotics/RoboND-Rover-Project/dataset/IMG/robocam_2017_06_04_10_22_16_645.jpg;10.477;1;0;5.00116;125.1248;118.0227;359.736;111.4766;1.457207
/Users/Masayuki/dev/robotics/RoboND-Rover-Project/dataset/IMG/robocam_2017_06_04_10_22_16_711.jpg;7.479869;1;0;5.00196;125.0218;118.308;359.9417;112.5845;1.249488
/Users/Masayuki/dev/robotics/RoboND-Rover-Project/dataset/IMG/robocam_2017_06_04_10_22_16_778.jpg;4.483724;1;0;5.002732;124.9101;118.5921;0.1773449;113.7083;1.004405
/Users/Masayuki/dev/robotics/RoboND-Rover-Project/dataset/IMG/robocam_2017_06_04_10_22_16_844.jpg;1.480921;1;0;5.012296;124.791;118.8712;0.3467019;114.5901;0.8477921
/Users/Masayuki/dev/robotics/RoboND-Rover-Project/dataset/IMG/robocam_2017_06_04_10_22_16_912.jpg;0;1;0;5.012368;124.6262;119.2397;0.5105625;115.0765;0.6997496
/Users/Masayuki/dev/robotics/RoboND-Rover-Project/dataset/IMG/robocam_2017_06_04_10_22_16_978.jpg;0;1;0;5.017651;124.4996;119.515;0.6407939;115.1923;0.6193004
/Users/Masayuki/dev/robotics/RoboND-Rover-Project/dataset/IMG/robocam_2017_06_04_10_22_17_045.jpg;0;1;0;5.007332;124.3719;119.7901;0.7776663;115.2336;0.5311024
/Users/Masayuki/dev/robotics/RoboND-Rover-Project/dataset/IMG/robocam_2017_06_04_10_22_17_111.jpg;0;1;0;5.025902;124.2013;120.1562;0.9603654;115.178;0.3983628
/Users/Masayuki/dev/robotics/RoboND-Rover-Project/dataset/IMG/robocam_2017_06_04_10_22_17_178.jpg;0;1;0;5.018006;124.0732;120.4315;1.118649;115.1701;0.2776357
/Users/Masayuki/dev/robotics/RoboND-Rover-Project/dataset/IMG/robocam_2017_06_04_10_22_17_245.jpg;0;1;0;5.012342;123.9456;120.7064;1.261356;115.0836;0.1430723
/Users/Masayuki/dev/robotics/RoboND-Rover-Project/dataset/IMG/robocam_2017_06_04_10_22_17_312.jpg;0;1;0;5.025846;123.7753;121.073;1.457946;115.0023;-0.004549872
/Users/Masayuki/dev/robotics/RoboND-Rover-Project/dataset/IMG/robocam_2017_06_04_10_22_17_378.jpg;0;1;0;5.014644;123.6466;121.3465;1.54548;115.013;359.9912
/Users/Masayuki/dev/robotics/RoboND-Rover-Project/dataset/IMG/robocam_2017_06_04_10_22_17_444.jpg;0;1;0;5.054968;123.5205;121.616;1.393375;114.9783;-0.001464414
/Users/Masayuki/dev/robotics/RoboND-Rover-Project/dataset/IMG/robocam_2017_06_04_10_22_17_511.jpg;1.501965;1;0;5.007253;123.3525;121.9778;1.289681;115.003;-0.001963376
/Users/Masayuki/dev/robotics/RoboND-Rover-Project/dataset/IMG/robocam_2017_06_04_10_22_17_578.jpg;4.504456;1;0;5.012393;123.2249;122.2494;1.245032;115.3029;0.00161919
/Users/Masayuki/dev/robotics/RoboND-Rover-Project/dataset/IMG/robocam_2017_06_04_10_22_17_645.jpg;7.500376;1;0;5.013554;123.0941;122.5198;1.21884;115.8837;0.05974657
/Users/Masayuki/dev/robotics/RoboND-Rover-Project/dataset/IMG/robocam_2017_06_04_10_22_17_711.jpg;7.503659;1;0;5.009604;122.9127;122.8768;1.188478;116.9544;0.2684701
/Users/Masayuki/dev/robotics/RoboND-Rover-Project/dataset/IMG/robocam_2017_06_04_10_22_17_778.jpg;4.497839;1;0;5.017225;122.776;123.1399;1.034205;118.1294;0.3722319
/Users/Masayuki/dev/robotics/RoboND-Rover-Project/dataset/IMG/robocam_2017_06_04_10_22_17_844.jpg;1.503899;1;0;5.003968;122.6361;123.4037;0.9088854;118.8654;0.4509652
/Users/Masayuki/dev/robotics/RoboND-Rover-Project/dataset/IMG/robocam_2017_06_04_10_22_17_911.jpg;0;1;0;5.012352;122.4467;123.7537;0.7398071;119.1853;0.5472981
/Users/Masayuki/dev/robotics/RoboND-Rover-Project/dataset/IMG/robocam_2017_06_04_10_22_17_978.jpg;0;0.7997769;0;5.011281;122.3031;124.0158;0.6401419;119.2408;0.6093304
/Users/Masayuki/dev/robotics/RoboND-Rover-Project/dataset/IMG/robocam_2017_06_04_10_22_18_045.jpg;0;0.5993559;0;5.006525;122.1585;124.2777;0.563635;119.2498;0.6642482
/Users/Masayuki/dev/robotics/RoboND-Rover-Project/dataset/IMG/robocam_2017_06_04_10_22_18_111.jpg;0;0.399943;0;5.00378;121.9653;124.6262;0.4650524;119.2363;0.710041
/Users/Masayuki/dev/robotics/RoboND-Rover-Project/dataset/IMG/robocam_2017_06_04_10_22_18_178.jpg;0;0.2000229;0;4.999701;121.8207;124.887;0.3710375;119.2194;0.7140135
/Users/Masayuki/dev/robotics/RoboND-Rover-Project/dataset/IMG/robocam_2017_06_04_10_22_18_244.jpg;0;0;0;4.989593;121.6765;125.1469;0.2463034;119.2042;0.6956382
/Users/Masayuki/dev/robotics/RoboND-Rover-Project/dataset/IMG/robocam_2017_06_04_10_22_18_311.jpg;0;0;0;4.97403;121.485;125.4914;0.0410536;119.1922;0.6581023
/Users/Masayuki/dev/robotics/RoboND-Rover-Project/dataset/IMG/robocam_2017_06_04_10_22_18_378.jpg;0;0;0;4.957682;121.342;125.7488;359.8895;119.1816;0.6056991
/Users/Masayuki/dev/robotics/RoboND-Rover-Project/dataset/IMG/robocam_2017_06_04_10_22_18_445.jpg;0;0;0;4.93518;121.1994;126.0058;359.7608;119.163;0.5158429
/Users/Masayuki/dev/robotics/RoboND-Rover-Project/dataset/IMG/robocam_2017_06_04_10_22_18_511.jpg;0;0;0;4.918241;121.0098;126.3469;359.593;119.1457;0.3835212
/Users/Masayuki/dev/robotics/RoboND-Rover-Project/dataset/IMG/robocam_2017_06_04_10_22_18_578.jpg;0;0;0;4.901219;120.868;126.6018;359.4765;119.1359;0.2748574
/Users/Masayuki/dev/robotics/RoboND-Rover-Project/dataset/IMG/robocam_2017_06_04_10_22_18_645.jpg;0;0;0;4.879086;120.7264;126.8557;359.3553;119.1333;0.1750613
/Users/Masayuki/dev/robotics/RoboND-Rover-Project/dataset/IMG/robocam_2017_06_04_10_22_18_711.jpg;0;0;0;4.861598;120.5386;127.1938;359.2475;119.1125;-0.003306604
/Users/Masayuki/dev/robotics/RoboND-Rover-Project/dataset/IMG/robocam_2017_06_04_10_22_18_778.jpg;0;0;0;4.844946;120.3979;127.4461;359.1625;119.1093;359.8886
/Users/Masayuki/dev/robotics/RoboND-Rover-Project/dataset/IMG/robocam_2017_06_04_10_22_18_845.jpg;0;0;0;4.821227;120.2092;127.7817;359.1342;119.1422;359.853
/Users/Masayuki/dev/robotics/RoboND-Rover-Project/dataset/IMG/robocam_2017_06_04_10_22_18_911.jpg;0;0;0;4.804513;120.069;128.0325;359.1031;119.1499;359.8145
/Users/Masayuki/dev/robotics/RoboND-Rover-Project/dataset/IMG/robocam_2017_06_04_10_22_18_978.jpg;0;0;0;4.788158;119.9282;128.2828;359.1141;119.1736;359.8339
/Users/Masayuki/dev/robotics/RoboND-Rover-Project/dataset/IMG/robocam_2017_06_04_10_22_19_045.jpg;0;0;0;4.764396;119.7415;128.6157;359.1576;119.1972;359.8816
/Users/Masayuki/dev/robotics/RoboND-Rover-Project/dataset/IMG/robocam_2017_06_04_10_22_19_112.jpg;0;0;0;4.747975;119.6024;128.8643;359.1783;119.2031;359.9097
/Users/Masayuki/dev/robotics/RoboND-Rover-Project/dataset/IMG/robocam_2017_06_04_10_22_19_178.jpg;0;0;0;4.726572;119.464;129.1121;359.1884;119.205;359.936
/Users/Masayuki/dev/robotics/RoboND-Rover-Project/dataset/IMG/robocam_2017_06_04_10_22_19_244.jpg;-1.498679;0;0;4.709275;119.3253;129.3592;359.2354;119.2035;0.007752061
/Users/Masayuki/dev/robotics/RoboND-Rover-Project/dataset/IMG/robocam_2017_06_04_10_22_19_312.jpg;-4.50252;0;0;4.692937;119.1448;129.6888;359.2706;118.7932;-0.0006001314
/Users/Masayuki/dev/robotics/RoboND-Rover-Project/dataset/IMG/robocam_2017_06_04_10_22_19_378.jpg;-7.498528;0;0;4.676301;119.014;129.9368;359.2787;118.073;359.8924
/Users/Masayuki/dev/robotics/RoboND-Rover-Project/dataset/IMG/robocam_2017_06_04_10_22_19_444.jpg;-10.49652;0;0;4.651543;118.8876;130.1863;359.317;117.0032;359.7275
/Users/Masayuki/dev/robotics/RoboND-Rover-Project/dataset/IMG/robocam_2017_06_04_10_22_19_511.jpg;-13.49851;0;0;4.63072;118.7296;130.5226;359.4106;114.9889;359.3478
/Users/Masayuki/dev/robotics/RoboND-Rover-Project/dataset/IMG/robocam_2017_06_04_10_22_19_578.jpg;-15;0;0;4.610456;118.6175;130.7785;359.6256;113.2869;359.0697
/Users/Masayuki/dev/robotics/RoboND-Rover-Project/dataset/IMG/robocam_2017_06_04_10_22_19_645.jpg;-12.00017;0;0;4.580421;118.5108;131.0382;359.9925;111.6072;358.8522
/Users/Masayuki/dev/robotics/RoboND-Rover-Project/dataset/IMG/robocam_2017_06_04_10_22_19_711.jpg;-8.99826;0;0;4.551867;118.3782;131.3808;0.2240132;109.5371;358.7629
/Users/Masayuki/dev/robotics/RoboND-Rover-Project/dataset/IMG/robocam_2017_06_04_10_22_19_778.jpg;-5.998606;0;0;4.543118;118.2847;131.6338;0.1014383;108.1559;358.9068
/Users/Masayuki/dev/robotics/RoboND-Rover-Project/dataset/IMG/robocam_2017_06_04_10_22_19_844.jpg;-3.005024;0;0;4.51684;118.201;131.8869;359.8664;107.257;358.9474
/Users/Masayuki/dev/robotics/RoboND-Rover-Project/dataset/IMG/robocam_2017_06_04_10_22_19_911.jpg;-0.004155636;0;0;4.500444;118.0929;132.2276;359.7343;106.7651;359.0673
/Users/Masayuki/dev/robotics/RoboND-Rover-Project/dataset/IMG/robocam_2017_06_04_10_22_19_978.jpg;0;0;0;4.483884;118.0132;132.4843;359.7455;106.7066;359.2312
/Users/Masayuki/dev/robotics/RoboND-Rover-Project/dataset/IMG/robocam_2017_06_04_10_22_20_044.jpg;0;0;0;4.460885;117.9355;132.7403;359.7416;106.6948;359.367
/Users/Masayuki/dev/robotics/RoboND-Rover-Project/dataset/IMG/robocam_2017_06_04_10_22_20_111.jpg;0;0;0;4.445783;117.8332;133.0802;359.713;106.6925;359.5409
/Users/Masayuki/dev/robotics/RoboND-Rover-Project/dataset/IMG/robocam_2017_06_04_10_22_20_178.jpg;0;0;0;4.430953;117.7572;133.3338;359.6683;106.6913;359.6638
